Produkt,Kategorie,Risikogruppe,preisanstieg_pct,modell,aic,bic,rmse,mae,mape
"Ananaskonserve, Erdbeerkonserve oder Ähnliches",Obst & Obstkonserven,hoch,62.33635448136958,"ARIMA(1,1,0) with drift",-10.643843323501201,-4.732967582844836,5.7095518646798595,4.380686327131478,2.926077183858003
"Antipasti auf Gemüsebasis, ohne Oliven",Gemüse & Gemüsekonserven,stabil,18.68239921337267,"ARIMA(0,2,1)",-767.5424757702906,-763.6399883331277,0.5877466428873012,0.49638903953588454,0.41107707514825376
Apfelmus oder andere Kernobstkonserve,Obst & Obstkonserven,hoch,42.85714285714286,"ARIMA(1,1,1)",-750.0316208335709,-744.1207450929145,4.093729358080656,3.0371632595494447,2.1181773404614828
Apfelsaft oder ähnlicher Fruchtsaft,Säfte & Softdrinks,hoch,47.676767676767675,"ARIMA(0,1,0) with drift",-758.9757156951615,-755.0351318680573,2.918985101883148,2.330855526731701,1.6430055268658557
Backmischung für Kuchen,Getreide & Backwaren,mittel,29.662698412698397,"ARIMA(0,2,1)",605.7009246151134,609.3582074080916,2.154036861779663,2.0103565256936733,1.5531613862772495
"Backpulver, Vanillezucker oder Ähnliches",Sonstige Nahrungsmittel,hoch,48.87365328109696,"ARIMA(3,1,0)",-732.1327903234612,-724.2516226692527,5.470171939675099,4.830752408461549,3.2133585150198796
Bananen,Obst & Obstkonserven,stabil,21.787148594377513,"ARIMA(0,1,0)(0,0,1)[12]",-695.428667487854,-691.4880836607498,3.598905406995122,2.9608914769666135,2.4947129128908245
Birnen,Obst & Obstkonserven,stabil,15.478615071283098,"ARIMA(0,1,1)(1,0,0)[12]",762.14557628171406,768.0564520223704,2.4046717033705107,2.1733678884920464,1.9928019041788556
"Blumenkohl, Wirsing oder anderer Kohl",Gemüse & Gemüsekonserven,mittel,38.59275053304905,"ARIMA(2,1,0)(1,0,0)[12]",-183.65719796324208,-175.7760303090336,4.577121857233218,3.434824506676074,2.6892246560877355
Bohnenkaffee,"Kaffee, Tee & Kakao",hoch,41.61793372319691,"ARIMA(3,1,0)",725.666537214749,733.5477048689576,15.302389749578968,13.387545209139565,9.951671205957586
Bonbons,Zucker & Süßwaren,stabil,15.491559086395236,"ARIMA(2,1,3) with drift",-820.8187096396239,-807.026666244759,1.3164325804110422,1.1220443947701877,0.970413552607218
Bratwurst,Fleisch & Wurst,mittel,34.58725182863114,"ARIMA(0,1,0) with drift",703.1342915796833,707.0748754067876,2.878079686403702,2.2385777606828667,1.741852623774844
Brotaufstrich auf Nougatbasis,Zucker & Süßwaren,mittel,35.270132517838924,"ARIMA(0,1,1)(1,0,0)[12] with drift",-610.6706377720407,-602.7894701178321,2.321571241767959,1.6847860752674748,1.3198574149885158
Brötchen zum Fertigbacken,Getreide & Backwaren,hoch,50.64805583250249,"ARIMA(1,1,1)",-536.8743310073686,-530.9634552667122,1.8031108117148429,1.3836974862211282,0.9031195573731374
Butter,Öle & Fette,hoch,47.42468415937802,"ARIMA(1,1,0)",-665.7245641471911,-661.7839803200869,20.39334579873629,18.455902973964804,11.644514143290495
Buttergemüse oder anderes tiefgefrorenes Gemüse,Gemüse & Gemüsekonserven,hoch,49.84583761562181,"ARIMA(0,1,0) with drift",-696.2468779460435,-692.5465827426234,3.9965024318880964,3.4270199332390354,2.3850079107172806
Buttermilch oder anderes Milchgetränk,Milch & Milchgetränke,hoch,43.13326551373346,"ARIMA(0,1,0) with drift",-600.9199209040708,-597.2196257006507,4.1413857845961415,3.581277265978661,2.589183295861466
Champignons oder andere Pilze,Gemüse & Gemüsekonserven,stabil,26.31048387096773,"ARIMA(0,1,0) with drift",699.933108466322,703.8736922934262,2.992296180147329,2.71837981049782,2.1784067352495455
Colagetränk,Säfte & Softdrinks,mittel,37.24696356275303,"ARIMA(1,1,0) with drift",-728.6667883329832,-722.7559125923268,2.7853640801056647,2.3440566783002956,1.722118502814261
"Cornflakes, Müsli oder Ähnliches",Getreide & Backwaren,stabil,24.724724724724712,"ARIMA(0,1,0) with drift",-742.4711399191025,-738.5305560919983,7.927433870388467,6.226444076773544,4.8889279675468345
Dosensuppe,Sonstige Nahrungsmittel,hoch,47.884416924664606,"ARIMA(0,1,0) with drift",-212.29754174650873,-208.3569579194045,8.913770203809841,7.785990812978841,5.422948465928154
Eier,Milch & Milchgetränke,hoch,44.792719919110205,"ARIMA(1,1,0) with drift",685.3059855726017,691.216861313258,2.171421795798283,2.032520652370742,1.4469409883547188
"Eingelegte Matjes, Fischsalat oder Ähnliches",Fisch & Meeresfrüchte,mittel,32.93650793650793,"ARIMA(1,1,3)",-796.9124445129492,-787.0609849451886,2.373700771519196,2.125508445636754,1.6150627480335886
Energy-Drinks,Säfte & Softdrinks,stabil,11.701081612586028,"ARIMA(1,1,0)",596.7918715357114,600.4921667391314,5.725166992918645,5.271288362866449,4.718587731178236
Erbsenkonserve,Gemüse & Gemüsekonserven,hoch,58.54398382204246,"ARIMA(1,1,0) with drift",-688.3655295311542,-682.815086726024,12.11507133292413,9.891410548043964,6.2500835688316405
"Erdbeeren, Himbeeren, Stachelbeeren oder Ähnliches",Obst & Obstkonserven,mittel,39.268527430221354,"ARIMA(1,0,1)(1,1,0)[12] with drift",-483.1281525219365,-474.43980443051964,6.792219666452677,5.58461299204257,3.6343126137327597
"Erdnüsse, Studentenfutter oder Ähnliches",Obst & Obstkonserven,mittel,31.485148514851492,"ARIMA(2,1,0)(0,0,1)[12]",-763.948908232689,-756.0677405784804,5.8830367180651795,5.652921656671317,4.156695068332908
Essig,Sonstige Nahrungsmittel,mittel,36.47175421209117,"ARIMA(1,2,0)",-787.9848589112592,-784.0823714740962,4.278547483065016,3.7030215905548807,2.6675771373005404
Feinkostsalat auf Fleischbasis,Fleisch & Wurst,hoch,43.46938775510203,"ARIMA(1,1,0) with drift",696.6570019979044,702.5678777385608,2.8526204624117315,2.496417595261105,1.7490244808020492
"Feldsalat, Lauch, Sellerie oder Ähnliches",Gemüse & Gemüsekonserven,mittel,29.488465396188545,"ARIMA(0,1,0)(1,1,0)[12]",529.0656315395798,532.1763276625587,6.194078470334343,4.956661911293691,3.923713469554774
Fertigdessert,Milch & Milchgetränke,mittel,31.8359375,"ARIMA(0,1,0) with drift",-637.6768403737235,-633.9765451703034,11.169821344820196,9.891120788215302,7.288804763294488
Fertiggericht aus Fleisch oder Fisch,Sonstige Nahrungsmittel,stabil,27.464788732394354,"ARIMA(0,1,0) with drift",-790.8334957344881,-786.8929119073839,3.9383289407563806,3.5128168758129292,2.7811609550005825
Fertignahrung für Säuglinge oder Kleinkinder,Sonstige Nahrungsmittel,mittel,40.22988505747125,"ARIMA(1,1,0) with drift",-803.381948422097,-797.4710726814407,2.2112471907548783,1.536933555270006,1.1551514435808097
Fertigsuppe im Beutel oder Instantbrühe,Sonstige Nahrungsmittel,stabil,25.251509054325936,"ARIMA(0,1,0)(1,0,0)[12]",-644.3216262922697,-640.6213310888496,3.051175347034739,2.728588439734916,2.235680443468009
"Fischfilet, frisch oder gekühlt",Fisch & Meeresfrüchte,mittel,32.20675944333997,"ARIMA(0,1,3)(1,0,0)[12]",463.29165340906644,473.14311297682707,3.2208889989177614,2.742758866712711,2.0722299154875032
Fischkonserve,Fisch & Meeresfrüchte,mittel,35.31157270029674,"ARIMA(0,1,3) with drift",-750.8809181539773,-741.0294585862167,5.418348459602085,5.100684431771124,3.8189274299600657
Fischmarinade,Fisch & Meeresfrüchte,mittel,37.37864077669904,"ARIMA(0,2,1)",-699.4573182213246,-695.8000354283464,2.2226802966539063,1.898479694744213,1.3734486501877967
Fischstäbchen o.a. tiefgefrorene Fischzubereitung,Fisch & Meeresfrüchte,mittel,31.46853146853148,"ARIMA(1,1,0)",-723.3105424825968,-719.3699586554926,4.889036790304814,4.136029411141355,3.086066562887439
"Fleischfertiggericht ohne Beilage, konserviert",Fleisch & Wurst,stabil,29.06155398587287,"ARIMA(2,1,0) with drift",-650.6868681318916,-642.8057004776831,4.01235900692076,3.456066413510625,2.724302277696762
Fleischwurst,Fleisch & Wurst,stabil,27.648839556004035,"ARIMA(0,1,0) with drift",-624.3869797210014,-620.6866845175813,5.996382431864798,5.336698057052865,4.221547888298552
Frisches Brötchen,Getreide & Backwaren,mittel,35.95617529880477,"ARIMA(1,1,1)",492.7228273840448,498.6337031247012,1.4511192805611435,1.2067659471252128,0.8900316782044128
Frisches Geflügelfleisch,Fleisch & Wurst,hoch,41.492537313432834,"ARIMA(1,1,0)",735.1638670863244,739.10445091342865,1.7265056777192918,1.330056452820725,0.9602848027214382
Frischkäse,Milch & Milchgetränke,mittel,40.13875123885033,"ARIMA(3,1,0)",-663.7044128784822,-655.8232452242737,2.9004525272470354,2.6177573420756937,1.8733422162343107
Früchtetee oder Kräutertee,"Kaffee, Tee & Kakao",stabil,23.76636455186305,"ARIMA(0,1,0)(1,0,0)[12]",-683.7102266825543,-680.0099314791343,3.2761600291245987,2.988080845269902,2.4507010484952607
Gekochter Schinken oder anderes gegartes Fleisch,Fleisch & Wurst,stabil,19.815195071868573,"ARIMA(0,1,0) with drift",682.5340008423983,686.4745846695025,1.4269248217024304,1.1773277911776934,1.0166699278113618
"Gemüseprodukt, vegetarisch oder vegan",Gemüse & Gemüsekonserven,stabil,10.717797443461151,"ARIMA(3,1,0)",-771.0372541161848,-763.1560864619763,2.5338920960721407,2.2431455029403424,1.9999115613155503
Gemüsesaft,Säfte & Softdrinks,mittel,41.076769690927215,"ARIMA(0,2,1)(0,0,1)[12]",597.5560820262289,603.0420062156961,3.213617139059748,3.038435885759623,2.1801730163171755
"Getreideprodukt, vegetarisch oder vegan",Getreide & Backwaren,stabil,10.166177908113404,"ARIMA(0,1,0)(0,0,1)[12]",-86.3428728140204,-82.40228898691615,3.3866938868738683,3.039205654614039,2.7290620432946002
Gewürze,Sonstige Nahrungsmittel,stabil,13.550939663699314,"ARIMA(1,1,1)",-714.4741608297859,-708.9237180246557,0.6170641268234159,0.567117764685752,0.49325035085326346
"Grieß, Roggenmehl oder Ähnliches",Getreide & Backwaren,hoch,41.46100691016783,"ARIMA(0,1,1) with drift",736.4278506552042,742.3387263958606,3.9319738854594353,3.6660562861979145,2.5863900336931773
"Grillsoße, Sojasoße, Salatdressing oder Ähnliches",Sonstige Nahrungsmittel,hoch,42.63261296660117,"ARIMA(1,1,1)",-744.1681804337732,-738.2573046931168,7.026608466449425,6.7484825020596775,4.560825799994551
Gurken,Gemüse & Gemüsekonserven,stabil,-0.8973080757726737,"ARIMA(0,1,1)(1,1,0)[12]",-366.20135261851703,-361.0606364184041,14.939719109112302,11.936465212329777,9.295301055296967
Gurkenkonserve,Gemüse & Gemüsekonserven,hoch,43.232323232323246,"ARIMA(1,1,0) with drift",-762.9846156131854,-757.073739872529,7.371340458538839,5.960320973140952,4.1497885268407275
Gyros oder andere fertige Fleischpfanne,Fleisch & Wurst,mittel,36.29707112970713,"ARIMA(0,1,0) with drift",714.4410322330773,718.3816160601815,3.1693782832709303,2.7494795400551646,2.1478335955042582
Haferflocken,Getreide & Backwaren,mittel,37.3253493013972,"ARIMA(0,1,0) with drift",-615.9664092279509,-612.2661140245308,7.992791021412032,6.49420085748465,4.703131176504795
Hartkäse,Milch & Milchgetränke,mittel,40.07976071784647,"ARIMA(1,1,0)",-745.1569682257523,-741.2163843986481,4.4299457834527125,3.5142222244968955,2.5702532929596593
Hefegebäck,Getreide & Backwaren,mittel,31.82275931520646,"ARIMA(0,2,3)",-727.7102099925029,-720.3956444065465,0.8881017638997223,0.8730261771611817,0.6696103717584264
Honig,Zucker & Süßwaren,stabil,10.079051383399218,"ARIMA(1,1,1)",-760.8538059916916,-754.94293025103525,4.859864737887092,3.9613364331795844,3.48197478003702
"Hülsenfrüchte, Spargel, Radieschen oder Ähnliches",Gemüse & Gemüsekonserven,mittel,29.63340122199591,"ARIMA(1,0,0)(1,1,0)[12] with drift",38.51317455665095,44.84725031047539,8.54173100596279,7.6063256351542625,6.065474947179124
Instantkaffee oder Ähnliches,"Kaffee, Tee & Kakao",stabil,22.916666666666675,"ARIMA(2,1,0)",-670.2757993282614,-664.7253565231313,2.009590463305552,1.7861903125706238,1.4320188487125303
Joghurt,Milch & Milchgetränke,mittel,30.059523809523817,"ARIMA(2,1,0)",-714.8774813878949,-708.9666056472386,1.2641340097897924,0.9629944854038305,0.7241592003419097
"Kabeljau oder Lachs, frisch oder gekühlt",Fisch & Meeresfrüchte,stabil,22.44897959183674,"ARIMA(0,1,0) with drift",-649.0765308686468,-645.3762356652268,4.997818360002537,3.9751255491955653,3.110277368463106
Kaffeepads oder Kaffeekapseln,"Kaffee, Tee & Kakao",mittel,38.59999999999999,"ARIMA(0,1,0) with drift",708.4592990710047,712.3998828981089,5.324876343853966,3.7101972562963064,2.7332432377705373
Kakaopulver oder Ähnliches,"Kaffee, Tee & Kakao",hoch,69.11468812877261,"ARIMA(0,2,1)(1,0,0)[12]",-758.3010004441426,-752.4472692883983,6.561654739359168,4.859142943320502,3.076080531478683
Kalbfleisch,Fleisch & Wurst,stabil,23.146292585170357,"ARIMA(1,1,2)(1,0,0)[12]",661.7744778286724,671.625937396433,2.8754554952982163,2.4061591719806437,1.9970275548359147
Kaninchenfleisch oder anderes Wildfleisch,Fleisch & Wurst,stabil,27.346115035317876,"ARIMA(0,1,0) with drift",-778.9885764942658,-775.0479926671616,3.7019160782877414,3.4049686397550736,2.7509283649868745
Kartoffelchips oder Kartoffelsticks,Gemüse & Gemüsekonserven,hoch,42.61811023622049,"ARIMA(0,1,0) with drift",-710.8690365350507,-706.9284527079465,6.528198017964618,4.782230466899165,3.260573137276014
Kartoffelkloßmehl oder Kartoffelpüree,Gemüse & Gemüsekonserven,mittel,39.99999999999999,"ARIMA(0,1,0) with drift",-704.4746102438761,-700.5340264167719,7.0426384016006285,5.887607112287784,4.217404314685417
Kartoffeln,Gemüse & Gemüsekonserven,hoch,47.68280123583934,"ARIMA(0,1,1)(1,1,0)[12]",219.58227271226224,224.72298891237517,31.20019755380188,29.262661443554066,22.796595894699404
Kasseler oder anderes Schweinefleisch,Fleisch & Wurst,stabil,27.10472279260778,"ARIMA(0,1,1)",-657.0620593080178,-653.3617641045977,3.7183927076347274,3.487963413316655,2.8166436402662023
"Kaugummi, Gummibärchen oder Ähnliches",Zucker & Süßwaren,mittel,35.67888999008919,"ARIMA(0,1,0) with drift",-624.9722939374719,-621.0317101103677,8.374349558086484,6.553487467311082,4.838467690450072
Kekse,Getreide & Backwaren,hoch,76.87747035573122,"ARIMA(0,1,0)(1,0,0)[12] with drift",-707.0304903131178,-701.1196145724614,11.892814923879873,10.123589303519347,5.650912912250335
"Kiwis, Melonen oder Ähnliches",Obst & Obstkonserven,stabil,16.545265348595215,"ARIMA(0,1,0)(0,0,1)[12]",752.7592922208762,756.6998760479804,3.7487536627513345,3.3516232219067192,2.957081195144029
Knäckebrot oder Zwieback,Getreide & Backwaren,hoch,71.5291750503018,"ARIMA(2,1,0) with drift",-730.0568234149204,-722.1756557607118,9.686957360580935,8.171590251364373,4.879714267694607
Koffeinfreie Limonade,Säfte & Softdrinks,mittel,31.3803376365442,"ARIMA(0,1,0) with drift",-739.435384571497,-735.4948007443928,3.3497909373351797,2.5620882727095093,1.960024271214493
Kondensierte Milch,Milch & Milchgetränke,hoch,67.60280842527581,"ARIMA(2,1,0)",-720.5389199195829,-714.6280441789265,11.868047301342868,11.431640896122579,6.832723451046668
Kopfsalat oder Eisbergsalat,Gemüse & Gemüsekonserven,stabil,-13.891285591026758,"ARIMA(0,0,1)(1,1,0)[12] with drift",135.1078616860075,142.058540159141,13.302028075608197,11.571922233970442,9.897380730253309
"Kuchen oder Torte, tiefgefroren",Getreide & Backwaren,hoch,51.73783515392254,"ARIMA(0,1,0) with drift",-742.7722298747104,-738.8316460476062,5.071726882811791,4.133906162086173,2.760270084738708
"Kuchen, Torte oder Tortenboden, frisch",Getreide & Backwaren,mittel,38.91675025075225,"ARIMA(1,1,1)",-813.544487704003,-807.6336119633467,3.6529895967371804,3.262830877516741,2.3579261669835696
Körnerbrot oder Vollkornbrot,Getreide & Backwaren,mittel,34.969939879759515,"ARIMA(1,1,1)",-782.2776527117857,-776.3667769711293,1.0374317885864264,0.8931519513506435,0.6707504406503374
"Kürbisse, Auberginen oder Mais",Gemüse & Gemüsekonserven,stabil,2.204408817635284,"ARIMA(0,0,0)(1,1,1)[12] with drift",-245.31737984575753,-238.36670137262405,13.04870892971188,10.866404958152069,9.631000746227082
Lammfleisch,Fleisch & Wurst,stabil,28.2435129740519,"ARIMA(1,1,1)",688.9466748632428,694.8575506038992,3.401590393621565,2.9629479300914086,2.3487973836899707
Leber oder andere Innereien,Fleisch & Wurst,stabil,23.19277108433735,"ARIMA(0,1,0) with drift",354.77838203165766,358.7189658587619,2.48893072049861,2.0441169481964665,1.7126370494654641
Leberwurst oder Blutwurst,Fleisch & Wurst,mittel,30.104166666666664,"ARIMA(0,1,0) with drift",-653.9365798651763,-650.2362846617563,7.525090347064308,7.056851505659973,5.663087527135251
Margarine oder Pflanzenfett,Öle & Fette,hoch,52.54901960784313,"ARIMA(1,1,1)",-346.6865310168483,-340.7756552761919,3.4726633534172118,2.886220541806511,1.8790097623049622
"Marmelade, Konfitüre oder Gelee",Zucker & Süßwaren,mittel,29.26829268292683,"ARIMA(0,1,0) with drift",-720.7495933041538,-716.8090094770496,13.019585122679265,10.83843977687352,8.082792745702442
Mayonnaise,Sonstige Nahrungsmittel,hoch,53.040877367896314,"ARIMA(3,1,0)",-664.5636950701478,-657.1631046633075,1.7649595824629534,1.562037047179011,1.020210760491039
"Meeresfrüchte, frisch oder gekühlt",Fisch & Meeresfrüchte,stabil,19.556451612903224,"ARIMA(0,1,3) with drift",-823.7626781488511,-813.9112185810906,6.13928773946403,6.007031833396122,5.149043027324726
Mineralwasser mit Kohlensäure,Säfte & Softdrinks,stabil,29.220138203356385,"ARIMA(0,1,0)(0,0,1)[12] with drift",-570.6183134055082,-564.7074376648518,1.887296151899298,1.5478185402303382,1.184010055001693
Mineralwasser ohne Kohlensäure,Säfte & Softdrinks,stabil,28.44311377245507,"ARIMA(0,1,3) with drift",-777.5835410303372,-767.7320814625766,2.3836649893349118,1.8227311656542657,1.4416433963657038
"Muffins, Waffeln oder andere Dauerbackwaren",Getreide & Backwaren,mittel,37.363726461843406,"ARIMA(1,1,1)",-755.2544884981986,-749.3436127575422,1.0172494031845485,0.7903296389461119,0.5817498214532796
Multivitaminsaft,Säfte & Softdrinks,hoch,48.364717542120886,"ARIMA(0,2,2)",-727.5328892344552,-721.6791580787109,9.759010819259288,8.721408668146282,5.937920612948614
Möhren,Gemüse & Gemüsekonserven,hoch,42.08092485549133,"ARIMA(1,0,0)(1,1,0)[12]",-474.4769363935503,-469.2639275387002,26.97093297571872,20.723957034201774,17.80288508948952
Nudelfertiggericht,Getreide & Backwaren,hoch,58.534136546184754,"ARIMA(0,1,0) with drift",-689.4834182035427,-685.5428343764385,10.880296463617205,9.537012226443126,6.133194066121569
Nudeln,Getreide & Backwaren,mittel,39.80295566502463,"ARIMA(1,1,0)",-646.7920080323522,-643.0917128289321,5.4489808558960435,5.414315185390895,3.8142938357493485
Olivenöl,Öle & Fette,hoch,55.51257253384914,"ARIMA(0,2,1)(0,0,1)[12]",-733.7705714347547,-727.9168402790104,65.17014884460374,52.18811080193749,29.880308508642035
Orangensaft oder ähnlicher Fruchtsaft,Säfte & Softdrinks,hoch,71.73281703775412,"ARIMA(0,2,1)",-709.6157977273452,-705.7133102901823,3.1886682961992854,2.5273314176615784,1.4826272217029925
Paprika,Gemüse & Gemüsekonserven,hoch,47.83625730994152,"ARIMA(3,0,0)(1,1,0)[12] with drift",-131.67930006383548,-121.25328235413528,14.371006465110918,11.651485552502011,8.844251827590382
"Pfirsiche, Kirschen o.a. Stein- oder Kernobst",Obst & Obstkonserven,stabil,22.696411251212425,"ARIMA(1,0,0)(0,1,0)[12] with drift",169.8857867714545,175.0987956263046,8.739982301089606,7.131585321564958,5.845372425914151
Pilzkonserve,Gemüse & Gemüsekonserven,mittel,37.910447761194035,"ARIMA(3,1,2)",-495.93996066833444,-484.1182091870217,3.5924036220674678,3.5269533456523328,2.555153623865202
"Pizza, Quiches oder Ähnliches",Getreide & Backwaren,mittel,34.434434434434436,"ARIMA(0,1,0) with drift",-724.4658569166859,-720.5252730895817,10.053275121565955,8.719898812763084,6.434083573428015
"Pommes frites oder Ähnliches, tiefgefroren",Gemüse & Gemüsekonserven,mittel,40.81027667984189,"ARIMA(3,1,0)",-709.1612829812968,-701.2801153270883,3.3642208099292383,2.6755650808955167,1.8272500589290936
Pralinen,Zucker & Süßwaren,mittel,40.92702169625247,"ARIMA(1,1,0)(1,0,1)[12]",-756.5992962161552,-748.7181285619466,9.508155620322102,7.302283803050376,5.431396143613152
Puddingpulver,Sonstige Nahrungsmittel,stabil,28.073572120038737,"ARIMA(2,1,0)",-637.6428205532136,-632.0923777480834,7.965518834963692,7.693682353049596,5.889254345732085
Quark,Milch & Milchgetränke,hoch,75.48918640576727,"ARIMA(1,1,0)",-302.198805921222,-298.25822209411774,11.01098510083116,10.235987204052597,5.684767813520679
Reis,Getreide & Backwaren,mittel,41.164658634538164,"ARIMA(0,1,0) with drift",-118.3121772451788,-114.37159341807455,3.65905151565935,3.4398379896544378,2.4811111435362876
Reiszubereitung,Getreide & Backwaren,mittel,39.900000000000006,"ARIMA(0,2,2)(0,0,1)[12]",608.2184558074682,615.5330213934246,14.535918934038175,12.093757278319785,8.67249312219637
Riegel oder andere Erzeugnisse aus Schokolade,Zucker & Süßwaren,hoch,70.09063444108763,"ARIMA(0,1,0) with drift",-758.962621371444,-755.0220375443398,4.435164138090191,4.044183217125213,2.6280540855366623
Rinderhackfleisch,Fleisch & Wurst,hoch,72.54098360655739,"ARIMA(1,1,0)",773.8579783895956,777.7985622166998,11.870373381368182,8.695200092156844,5.435157761260548
Rinderroulade oder Rinderlende,Fleisch & Wurst,mittel,38.888888888888886,"ARIMA(0,1,0) with drift",743.3087640959569,747.2493479230611,3.0447763834771053,2.530496713417817,1.8623765749951726
Rindfleisch zum Kochen,Fleisch & Wurst,hoch,58.03212851405624,"ARIMA(1,1,0) with drift",742.8977966859834,748.8086724266398,4.0494658612054515,2.8801632887443773,1.8998558520076807
Rindfleisch zum Schmoren oder Braten,Fleisch & Wurst,hoch,43.80664652567978,"ARIMA(0,1,0) with drift",714.1455607843818,718.086144611486,1.9990208094066777,1.5141151698992037,1.0930299515400703
Roggenbrot oder Mischbrot,Getreide & Backwaren,mittel,36.673346693386776,"ARIMA(1,1,1)",-815.6677882270318,-809.7569124863754,1.1242163136110148,0.9398705604103649,0.6929434510076007
"Roher Schinken, Schinkenspeck oder Bauchspeck",Fleisch & Wurst,stabil,27.16942148760331,"ARIMA(0,1,1) with drift",-680.3840273151477,-674.8335845100175,4.633519881759391,3.869630340992,3.140293798286197
Räucherfisch,Fisch & Meeresfrüchte,stabil,26.984126984126977,"ARIMA(3,1,0)",678.6398842415277,686.5210518957363,1.9922408996837548,1.7248333190046594,1.3571814376493523
Sahne,Milch & Milchgetränke,hoch,49.553128103277054,"ARIMA(2,1,1)",-614.3966760944597,-606.9960856876195,2.8144764930219495,2.2965091607726484,1.54195657283445
"Salami, Zervelatwurst oder andere Dauerwurst",Fleisch & Wurst,stabil,24.15210688591984,"ARIMA(0,1,1) with drift",679.4873965585226,685.398272299179,5.59434178431536,4.8173258718032175,3.98816378970836
Salzgebäck,Getreide & Backwaren,mittel,37.20703125,"ARIMA(1,1,0)(0,0,1)[12] with drift",-683.3918463484547,-675.5106786942462,12.141532104052235,10.862573402625967,7.793939456502506
"Sandwich, Wrap oder Ähnliches",Sonstige Nahrungsmittel,stabil,15.452755905511806,"ARIMA(0,2,1)",-745.591910468477,-741.689423031314,1.1662542398360367,0.8132025481299282,0.6869362628703332
Sauerkirschen oder andere Steinobstkonserve,Obst & Obstkonserven,mittel,40.53784860557768,"ARIMA(0,1,2) with drift",-729.4520078711521,-721.5708402169436,4.289963147461437,3.6253387403958564,2.5612979304014907
Sauerkrautkonserve,Gemüse & Gemüsekonserven,hoch,67.79141104294479,"ARIMA(0,1,0) with drift",-731.5990124399984,-727.6584286128942,14.87277862997754,13.069910106028074,8.097922495967167
Schmalz oder anderes tierisches Speisefett,Öle & Fette,hoch,54.6,"ARIMA(1,1,0) with drift",721.8317326815883,727.7426084222446,4.2231398337792125,3.7341867151113752,2.4627517071263343
Schnittkäse,Milch & Milchgetränke,hoch,51.49105367793243,"ARIMA(1,1,0)",-702.9051041528637,-698.9645203257595,4.201674182729169,3.352371545992485,2.2280778478817744
Schokoladentafel,Zucker & Süßwaren,hoch,65.86102719033231,"ARIMA(1,1,1) with drift",-674.4656699851062,-666.5845023308976,14.248064331249422,9.767289398857448,6.116074580037289
"Scholle, Forelle oder Karpfen, frisch oder gekühlt",Fisch & Meeresfrüchte,mittel,32.464929859719426,"ARIMA(0,1,3) with drift",-710.3552300151914,-701.1044920066411,2.1198413959383133,1.816579764219296,1.3769114584611533
Schwarzer Tee oder grüner Tee,"Kaffee, Tee & Kakao",stabil,11.764705882352944,"ARIMA(0,1,0) with drift",-749.4509592956199,-745.7506640921998,1.5223471590202982,1.4115677585248332,1.2636921833038683
Schweinebraten,Fleisch & Wurst,mittel,32.47687564234327,"ARIMA(0,1,0) with drift",712.3608302508862,716.3014140779904,2.8276046052392076,2.4781594868088868,1.9336296445886172
"Schweinehackfleisch, auch gemischt",Fleisch & Wurst,hoch,56.574923547400616,"ARIMA(1,1,0)",770.4011034818311,774.3416873089353,9.44389118673907,8.176240558431955,5.534858167452362
Schweinekotelett oder Schweineschnitzel,Fleisch & Wurst,mittel,33.541017653167195,"ARIMA(0,1,0) with drift",-629.9094464853945,-626.2091512819744,4.464006879238821,4.095728008190804,3.2652856114384536
Senf,Sonstige Nahrungsmittel,hoch,42.87148594377512,"ARIMA(2,1,0)",-668.0365357299202,-662.48609292479,2.6912899358715427,2.461691225618106,1.747486300817739
"Sojamilch, Reismilch o.Ä., ohne Kokosmilch",Milch & Milchgetränke,stabil,7.907907907907896,"ARIMA(0,1,0)",-325.51797935145134,-323.6678317497413,1.1772142257607605,0.9416666666667209,0.8728686093687491
"Sonnenblumenöl, Rapsöl oder Ähnliches",Öle & Fette,hoch,54.291417165668655,"ARIMA(0,1,1)",889.2801061127316,893.2206899398358,4.5308500612763325,3.789722242276208,2.3964025719910227
"Soßenpulver, Soßenbinder oder Ähnliches",Sonstige Nahrungsmittel,mittel,32.32931726907633,"ARIMA(1,1,0) with drift",-724.5218653449194,-718.6109896042631,7.773751926126335,6.433962332382531,4.8906985329274875
Speiseeis,Zucker & Süßwaren,stabil,28.771228771228778,"ARIMA(0,1,0) with drift",-739.117363632903,-735.1767798057988,8.862397029585066,8.008634316125201,6.169348128342827
Speisesalz,Sonstige Nahrungsmittel,stabil,28.628230616302197,"ARIMA(0,1,1) with drift",707.714511393139,713.6253871337954,1.2813410249778467,1.1905211390956947,0.931747613705549
Sportriegel,Sonstige Nahrungsmittel,stabil,15.14851485148514,"ARIMA(1,1,2) with drift",-818.0879639286308,-808.2365043608702,0.8895474622241251,0.7652096714765406,0.6645263604234406
Stangenspargel oder andere Gemüsekonserve,Gemüse & Gemüsekonserven,hoch,59.656218402426695,"ARIMA(0,1,0) with drift",-711.9280705799508,-707.9874867528466,21.80113218955005,19.43100251332739,12.346619032684726
"Säuglingsmilchnahrung, Pulverform",Sonstige Nahrungsmittel,stabil,24.42442442442441,"ARIMA(1,1,1)",-849.8159386692015,-843.9050629285451,2.686190548653825,2.605288769910261,2.102676663075437
"Süße Mandeln, Kokosraspeln oder Ähnliches",Obst & Obstkonserven,stabil,12.942366026289177,"ARIMA(0,1,0)",0.3024440420714427,2.152591643781501,2.4216041515216182,2.0250000000000177,1.8437473841511183
Süßstoff,Zucker & Süßwaren,stabil,10.717797443461151,"ARIMA(1,1,0)",-688.0518243285156,-684.1112405014114,1.0209120704403927,0.9881938878274342,0.8772857057287328
Teilentrahmte Milch,Milch & Milchgetränke,hoch,45.854657113613094,"ARIMA(1,1,0)",640.0814529475626,644.0220367746668,5.156872437178648,4.9833333333332845,3.5361286529219162
Tiefgefrorene Küchenkräuter,Sonstige Nahrungsmittel,stabil,25.6206554121152,"ARIMA(0,2,1)",576.9333282981894,580.5906110911676,4.409858118118788,4.102974104532161,3.2648381610583863
Tiefgefrorene Meeresfrüchte,Fisch & Meeresfrüchte,stabil,4.5409674234945685,"ARIMA(1,1,2)",-810.9827860365762,-803.1016183823676,2.296218658845637,1.9978740919536253,1.878991554299335
Tiefgefrorener Spinat,Gemüse & Gemüsekonserven,hoch,64.00817995910022,"ARIMA(0,1,0)(0,0,1)[12] with drift",-752.968396685738,-747.0575209450816,7.6989042295709815,6.526188441178344,4.1427682668403065
Tiefgefrorenes Fischfilet,Fisch & Meeresfrüchte,stabil,29.058116232464947,"ARIMA(1,1,1)",-773.4732207019689,-767.5623449613125,1.1408677629350816,1.0608935486163003,0.8209038958408922
Tiefgefrorenes Geflügelfleisch,Fleisch & Wurst,hoch,57.38522954091814,"ARIMA(1,1,0) with drift",466.3586092800743,472.26948502073066,3.3831257537661954,3.177283416186583,2.078834058873404
Tiefgefrorenes Obst,Obst & Obstkonserven,stabil,29.18756268806419,"ARIMA(1,1,1)",754.3782961569702,760.2891718976266,9.604043836472805,8.834161252002167,7.058388580308838
"Tiefgefrorenes, tafelfertig zubereitetes Fleisch",Fleisch & Wurst,hoch,59.89949748743717,"ARIMA(2,1,0) with drift",-216.03081365268872,-208.14964599848022,1.7463444604837042,1.4391493228858632,0.9207017978552997
Toastbrot,Getreide & Backwaren,mittel,35.01984126984128,"ARIMA(1,1,1)",-722.6570217831207,-716.7461460424644,3.895605929886467,2.6168986993749,1.8728591004807633
Tomaten,Gemüse & Gemüsekonserven,stabil,-12.883435582822075,"ARIMA(0,1,0)(1,1,0)[12]",-416.4606764220686,-413.03353228866,13.219255253310092,10.96986887209051,8.693626972079004
Tomatenketchup oder Gewürzketchup,Sonstige Nahrungsmittel,hoch,44.181459566074935,"ARIMA(1,1,2)",-716.9826648586235,-709.101497204415,10.586534092422738,8.807800102165727,5.866072580431091
"Tortenguss, Gelatine oder Ähnliches",Sonstige Nahrungsmittel,stabil,27.86069651741294,"ARIMA(0,1,2) with drift",-733.9778426697736,-726.0966750155651,9.937522186953322,8.37958488364123,6.557113914185011
Trockengemüse,Gemüse & Gemüsekonserven,stabil,22.10953346855986,"ARIMA(0,1,1) with drift",-694.7082340266759,-689.1577912215457,3.3676319018187586,2.9023743638062762,2.4172459369432535
Trockenobst,Obst & Obstkonserven,mittel,32.35294117647059,"ARIMA(1,1,1)",-752.9066153083178,-746.9957395676614,13.902710401842931,13.200012404608207,10.35471215538089
Verzehrfertige Salate,Sonstige Nahrungsmittel,stabil,26.96850393700787,"ARIMA(1,1,0) with drift",-767.5525244050798,-761.6416486644234,3.778223844165598,3.3451858420551246,2.5991373135692837
"Vitamintabletten, Magnesiumtabletten o.Ä.",Sonstige Nahrungsmittel,stabil,11.2966601178782,"ARIMA(1,1,0) with drift",-716.1166052444444,-710.5661624393142,2.326359377316727,2.0919623155974634,1.8492407595882085
Vollmilch,Milch & Milchgetränke,mittel,41.08053007135577,"ARIMA(1,1,0)",309.98760373543917,313.9281875625434,6.756602703840263,6.368069879085783,4.683875145448865
Weichkäse,Milch & Milchgetränke,hoch,42.78656126482212,"ARIMA(1,1,1)",-756.4038628534219,-750.4929871127655,4.847775472905383,3.631092979966598,2.5412469856158677
Weintrauben,Obst & Obstkonserven,stabil,0.4480286738351324,"ARIMA(0,1,0)(0,1,1)[12]",-477.01910248671896,-473.59195835331036,11.13076593281584,7.346768405351302,5.928603677105632
Weizenmehl,Getreide & Backwaren,hoch,50.74331020812683,"ARIMA(0,1,0)(0,0,1)[12] with drift",610.1395978665765,616.0504736072329,18.879113682719797,16.8456060491837,11.055592164598654
Weißbrot,Getreide & Backwaren,mittel,35.247524752475236,"ARIMA(1,1,0) with drift",-791.5042853090674,-785.5934095684111,4.996605766403664,3.9549607086558063,2.8802649502982356
Wurstaufschnitt,Fleisch & Wurst,stabil,24.301964839710458,"ARIMA(0,1,0) with drift",717.785420540541,721.7260043676453,6.124733034045044,5.221723010322848,4.344465183261244
Wurstkonserve,Fleisch & Wurst,hoch,45.29288702928871,"ARIMA(1,1,0) with drift",-129.19219611473335,-123.28132037407698,8.368186332960315,6.894740896154327,4.9378972978570586
Zitrusfrüchte,Obst & Obstkonserven,hoch,43.07334109429568,"ARIMA(0,1,1)(0,1,1)[12]",582.4086601180156,587.5493763181286,6.446995586964918,5.61491641628616,4.915127208894447
Zubereitetes Hackfleisch,Fleisch & Wurst,hoch,48.96480331262942,"ARIMA(0,1,1) with drift",741.676391935953,747.5872676766094,2.408168634268567,1.99698199884786,1.43078974484486
Zucker,Zucker & Süßwaren,mittel,30.29087261785357,"ARIMA(0,1,0) with drift",-633.5138790038329,-629.5732951767287,63.59372818281991,55.57172063321994,41.14921530281681
"Zwiebeln, Knoblauch oder Ähnliches",Gemüse & Gemüsekonserven,hoch,75.78718783930512,"ARIMA(0,1,1)(1,1,0)[12]",-350.0385925798665,-344.89787637975354,21.584441453701853,18.319662031376463,13.690257060028419
Äpfel,Obst & Obstkonserven,mittel,30.482456140350877,"ARIMA(2,0,0)(1,1,0)[12] with drift",555.6940961890049,564.3824442804217,5.475315381822068,4.5077524756831275,3.9097389685621113
