Produkt,n,mean_mom,median_mom,sd_mom,min_mom,max_mom,start_preis,end_preis,preisanstieg_pct,Kategorie
Gemüsesaft,60,0.8810199573662673,0.37296115034336497,2.4881703172140375,-1.060752169720358,18.021201413427555,100.3,167,66.50049850448654,Säfte & Softdrinks
Apfelsaft oder ähnlicher Fruchtsaft,66,0.7852147481955926,0.4585169363248043,1.9314395516892893,-2.448579823702257,12.175102599179224,99,164,65.65656565656566,Säfte & Softdrinks
Multivitaminsaft,66,0.7743128012092619,0.3069985297998179,1.9014041410010163,-2.2615535889872196,10.88844355377423,100.9,166,64.51932606541129,Säfte & Softdrinks
Colagetränk,66,0.7797866068547147,0.4130722896346972,2.848521700609283,-3.56188780053428,18.731563421828913,98.8,161,62.95546558704454,Säfte & Softdrinks
Koffeinfreie Limonade,66,0.765002994937285,0.3163290822705722,3.080701899920624,-2.7750247770069514,22.44897959183671,100.7,162,60.87388282025819,Säfte & Softdrinks
Energy-Drinks,60,0.9192810812919988,-0.09460746405452468,5.767307331417097,-3.8348082595870303,43.48591549295775,101.7,163,60.27531956735497,Säfte & Softdrinks
Orangensaft oder ähnlicher Fruchtsaft,66,0.730992443556399,0.7556604787195109,1.9589942107578968,-6.989853438556937,6.412639405204468,103.3,165,59.72894482090998,Säfte & Softdrinks
Mineralwasser ohne Kohlensäure,66,0.7551298909179112,0.39636108164630146,3.1671408088477944,-3.1956352299298607,24.320124320124336,100.2,160,59.68063872255489,Säfte & Softdrinks
Kakaopulver oder Ähnliches,66,0.71968173647172,0.4926556715066477,1.764428727394986,-6.008328375966688,9.150757077024352,99.4,158,58.95372233400402,"Kaffee, Tee & Kakao"
Früchtetee oder Kräutertee,60,0.8246902163425899,0.09713455423778772,3.710857141122204,-1.747572815533982,27.7461350691619,99.3,157,58.10674723061431,"Kaffee, Tee & Kakao"
Mineralwasser mit Kohlensäure,66,0.721095154514489,0.30546370650291754,2.846750118287735,-2.2885572139303423,21.46676852559204,101.3,159,56.95952615992104,Säfte & Softdrinks
Schwarzer Tee oder grüner Tee,60,0.8394367957681812,0.1991040811876732,5.055305418560842,-1.3875123885034757,39.16146297948262,100.3,156,55.53339980059822,"Kaffee, Tee & Kakao"
Instantkaffee oder Ähnliches,60,0.7717561885453781,0.29821338758747595,3.4662161003683596,-3.1807602792862766,25.100887812752216,100.8,155,53.76984126984128,"Kaffee, Tee & Kakao"
Kaffeepads oder Kaffeekapseln,66,0.6626739947017727,0.5772404163493228,1.8464261809622773,-2.371541501976282,10.389610389610391,100,153,53,"Kaffee, Tee & Kakao"
Dosensuppe,66,0.6542659537881783,0.406092415354542,2.071278803289343,-5.636743215031315,9.02111324376198,96.9,147,51.702786377708975,Sonstige Nahrungsmittel
Sportriegel,66,0.6811422750581239,0.2779723864529515,3.807912775552912,-1.668129938542584,30.696474634565774,101,152,50.495049504950494,Sonstige Nahrungsmittel
"Tortenguss, Gelatine oder Ähnliches",66,0.6531890954653334,0.10030736107128346,2.7378209892904453,-2.985074626865669,17.50972762645915,100.5,151,50.24875621890548,Sonstige Nahrungsmittel
Bohnenkaffee,66,0.6360072857264749,0.19846875439529787,1.966786807945592,-3.526645768025083,5.987611837577411,102.6,154,50.097465886939574,"Kaffee, Tee & Kakao"
Fertignahrung für Säuglinge oder Kleinkinder,66,0.6045766456615418,0.4741215669427423,1.007016324055554,-1.2757605495584023,5.8122205663189375,95.7,142,48.38035527690701,Sonstige Nahrungsmittel
"Vitamintabletten, Magnesiumtabletten o.Ä.",60,0.72074367988755,0.1973417760954499,4.2146471861046155,-2.450980392156865,32.391879964695505,101.8,150,47.347740667976424,Sonstige Nahrungsmittel
Fertigsuppe im Beutel oder Instantbrühe,60,0.6764606331788465,0.3140845763796585,2.7087940828650727,-3.659742828882284,17.269076305220878,99.4,146,46.88128772635813,Sonstige Nahrungsmittel
"Backpulver, Vanillezucker oder Ähnliches",66,0.5878609716924114,0.132100453931705,2.229317850649608,-4.21994884910486,9.388839681133732,102.1,148,44.95592556317336,Sonstige Nahrungsmittel
Fertiggericht aus Fleisch oder Fisch,66,0.5790895370384804,0.2951464166253692,1.859205508318716,-1.87561697926949,13.65430149960536,99.4,144,44.8692152917505,Sonstige Nahrungsmittel
Puddingpulver,60,0.6407938208072558,0.17430745586085594,2.459045893859354,-4.479065238558921,12.622826908541176,103.3,149,44.24007744433689,Sonstige Nahrungsmittel
"Sandwich, Wrap oder Ähnliches",66,0.5816515255727521,0,3.083261724656284,-2.364532019704435,23.614663256606995,101.6,145,42.71653543307088,Sonstige Nahrungsmittel
"Säuglingsmilchnahrung, Pulverform",66,0.536635157185594,0.22106784203558272,1.6991868101245329,-0.9811937857726938,13.435237329042636,99.9,141,41.141141141141134,Sonstige Nahrungsmittel
Verzehrfertige Salate,66,0.532744297070136,0.12842773344199365,1.6967186545604571,-1.8774703557312256,10.852713178294572,101.6,143,40.74803149606301,Sonstige Nahrungsmittel
Gewürze,60,0.5805404265484851,0,2.901490124236961,-1.5857284440039754,21.95121951219512,101.1,140,38.47675568743818,Sonstige Nahrungsmittel
Tiefgefrorene Küchenkräuter,60,0.5527283063449602,0.27305586196029186,1.7202889619683808,-3.2180209171359664,9.881422924901194,100.7,139,38.03376365441906,Sonstige Nahrungsmittel
Speisesalz,66,0.4925293609618602,0.2208900109212264,1.6301419810607465,-2.845927379784108,10.6741573033708,100.6,138,37.17693836978131,Sonstige Nahrungsmittel
Mayonnaise,60,0.5459232228112578,0.3872100141167234,2.227703796624127,-10.749185667752448,6.72268907563025,100.3,137,36.59022931206381,Sonstige Nahrungsmittel
"Soßenpulver, Soßenbinder oder Ähnliches",66,0.4774806154322586,0.4762854494398505,1.7887533151431925,-3.5847647498133073,4.8526863084922045,99.6,135,35.54216867469879,Sonstige Nahrungsmittel
"Grillsoße, Sojasoße, Salatdressing oder Ähnliches",66,0.4542449706482981,0.570403907631889,1.7079659380897594,-6.336088154269969,5.373635600335858,101.8,136,33.595284872298635,Sonstige Nahrungsmittel
Senf,60,0.49825670736880834,0.29658781109841437,1.759838564743479,-6.535488404778644,7.692307692307687,99.6,133,33.534136546184754,Sonstige Nahrungsmittel
Tomatenketchup oder Gewürzketchup,66,0.4553025416291694,0.24427665393941256,2.5560052230796684,-8.344733242134051,9.79757085020243,101.4,134,32.1499013806706,Sonstige Nahrungsmittel
Essig,66,0.4140363711187987,0.32550077927093746,1.1162975498157444,-4.1394335511982465,3.707224334600756,100.9,132,30.822596630327048,Sonstige Nahrungsmittel
Speiseeis,66,0.40777858236242215,0.5363120764538376,1.496725032805972,-3.1339031339031265,4.231433506044913,100.1,130,29.87012987012987,Zucker & Süßwaren
Süßstoff,66,0.4300063986565896,0,3.1201835713376576,-8.27366746221162,16.34103019538189,101.7,131,28.810226155358887,Zucker & Süßwaren
"Kaugummi, Gummibärchen oder Ähnliches",66,0.3876191479998249,0.4049106914812195,1.722418655018788,-5.770635500365229,4.526315789473689,100.9,129,27.84935579781962,Zucker & Süßwaren
Bonbons,66,0.37324916545351494,0.1782672801687979,1.3953632800121325,-1.8811881188118829,10.060189165950128,100.7,128,27.110228401191662,Zucker & Süßwaren
Riegel oder andere Erzeugnisse aus Schokolade,66,0.43191628599882104,0.5603681276113326,3.4939778253985136,-25.399644760213143,4.307116104868913,99.3,126,26.88821752265862,Zucker & Süßwaren
Brotaufstrich auf Nougatbasis,66,0.3678712592952294,0.3994017946161499,1.5693849254553298,-6.556141672946492,4.056795131845847,98.1,124,26.40163098878696,Zucker & Süßwaren
Schokoladentafel,66,0.4567859571839016,0.4945772611867016,4.520788557108312,-24.10443230115361,14.762611275964366,99.3,125,25.88116817724069,Zucker & Süßwaren
Pralinen,66,0.36709991125526575,0.3114597329653468,2.248731894062803,-11.12666200139958,6.22047244094488,101.4,127,25.24654832347139,Zucker & Süßwaren
Honig,66,0.3130899829489882,0.03855050115652014,1.8865013635412549,-5.202754399387899,10.412926391382404,101.2,123,21.54150197628457,Zucker & Süßwaren
Möhren,66,0.5425837538637148,1.2172745107370764,7.137489356506489,-14.564686737184706,23.420647149460684,86.5,105,21.387283236994215,Gemüse & Gemüsekonserven
Zucker,66,0.4337098462864308,0.1438287862128962,5.6278475185491175,-19.93373826615129,37.51178133836004,99.7,121,21.364092276830497,Zucker & Süßwaren
Kartoffeln,66,0.49041847817753087,1.384454700152249,6.390778558344049,-18.410041841004187,14.84681853888452,97.1,117,20.494335736354287,Gemüse & Gemüsekonserven
"Marmelade, Konfitüre oder Gelee",66,0.2857140836540894,0.1463910901691956,2.0896183589438286,-7.924528301886791,8.517887563884162,102.5,122,19.024390243902435,Zucker & Süßwaren
Kartoffelkloßmehl oder Kartoffelpüree,66,0.30360959826653156,0.1972394260994048,2.814205361071929,-15.000000000000002,14.137606032045236,100,119,18.999999999999993,Gemüse & Gemüsekonserven
Kartoffelchips oder Kartoffelsticks,66,0.29888932994818573,0.41045293342261147,2.977380180976199,-17.18426501035197,8.07043286867204,101.6,120,18.11023622047245,Gemüse & Gemüsekonserven
Paprika,66,1.0352210112736873,-0.5563577340120751,13.087541193515507,-25.418994413407823,46.69683257918551,85.5,100,16.959064327485372,Gemüse & Gemüsekonserven
"Pommes frites oder Ähnliches, tiefgefroren",66,0.28134881806403383,0.11846408029232423,3.069677739144445,-17.19298245614035,12.701100762066051,101.2,118,16.600790513833985,Gemüse & Gemüsekonserven
Stangenspargel oder andere Gemüsekonserve,66,0.3152709434936024,0.27916794725357796,4.222511509043526,-27.802406586447127,16.32341723874906,98.9,114,15.267947421638016,Gemüse & Gemüsekonserven
Erbsenkonserve,60,0.3128178804507159,0.5360789194372995,3.905719428260639,-27.933673469387767,4.87062404870624,98.9,113,14.256825075834168,Gemüse & Gemüsekonserven
"Antipasti auf Gemüsebasis, ohne Oliven",66,0.20491582716689372,0.13598983032573342,1.0478205009290238,-3.893951946975971,5.0880626223092085,101.7,116,14.060963618485744,Gemüse & Gemüsekonserven
Sauerkrautkonserve,66,0.3120557575180204,0.4588771760961507,4.4469255043461855,-32.3583180987203,5.965909090909105,97.8,111,13.496932515337434,Gemüse & Gemüsekonserven
"Gemüseprodukt, vegetarisch oder vegan",66,0.192758313814629,0,1.1400740559475464,-2.1847070506454846,3.4587995930823956,101.7,115,13.077679449360868,Gemüse & Gemüsekonserven
"Zwiebeln, Knoblauch oder Ähnliches",66,0.5872437580274652,0.4603584270966299,8.874283531480456,-36.38048177887585,19.35709294199861,92.1,103,11.834961997828453,Gemüse & Gemüsekonserven
Pilzkonserve,66,0.20467114547073537,0.28985507246377384,2.7139567783633756,-19.19191919191919,4.957102001906577,100.5,112,11.442786069651746,Gemüse & Gemüsekonserven
Gurkenkonserve,66,0.21452931985177728,0.3798673891241666,3.121295087112462,-22.425952045134,5.916666666666659,99,110,11.111111111111116,Gemüse & Gemüsekonserven
Buttergemüse oder anderes tiefgefrorenes Gemüse,60,0.2488327152455395,0.4378128931953218,3.5709893363310936,-25.92592592592593,5.18038852913969,97.3,108,10.996916752312448,Gemüse & Gemüsekonserven
Trockengemüse,60,0.17995588536141663,0.1811287040901388,1.5759472437667468,-9.46843853820598,3.1488549618320594,98.6,109,10.547667342799194,Gemüse & Gemüsekonserven
Tiefgefrorener Spinat,66,0.25792400209525546,0.5905717773342811,4.429606214978303,-33.29177057356608,5.781758957654737,97.8,107,9.40695296523517,Gemüse & Gemüsekonserven
"Hülsenfrüchte, Spargel, Radieschen oder Ähnliches",60,0.3041836565303914,1.5396095231406726,5.856653566589395,-17.539863325740313,11.054247697031716,98.2,106,7.942973523421593,Gemüse & Gemüsekonserven
Champignons oder andere Pilze,66,0.10613183417323543,0.3395646732031299,2.537013972845736,-16.999201915403027,3.479036574487071,99.2,104,4.8387096774193505,Gemüse & Gemüsekonserven
"Blumenkohl, Wirsing oder anderer Kohl",66,0.3469395276997728,-0.3949437852315496,7.584998989439597,-24.615384615384617,27.98310454065469,93.8,98,4.47761194029852,Gemüse & Gemüsekonserven
"Kürbisse, Auberginen oder Mais",66,0.811191839972378,-0.9265393460349324,12.772279016753911,-24.326530612244905,37.60869565217391,99.8,102,2.204408817635284,Gemüse & Gemüsekonserven
Gurken,66,1.9448778682655403,-0.95223214285714,20.6726885440629,-41.90520882214922,66.2266226622662,100.3,101,0.6979062811565351,Gemüse & Gemüsekonserven
"Feldsalat, Lauch, Sellerie oder Ähnliches",60,0.08322594208583402,0.3865284191446161,4.923861340378453,-24.864446165762967,9.990574929311968,99.7,97,-2.7081243731193583,Gemüse & Gemüsekonserven
"Ananaskonserve, Erdbeerkonserve oder Ähnliches",66,0.126234923680588,0.420536022500273,5.3760556333258895,-41.066997518610414,4.628224582701068,99.3,95,-4.33031218529708,Obst & Obstkonserven
Zitrusfrüchte,66,0.14254946615943237,1.6072183630323145,6.415717404703561,-34.09275834011392,11.842105263157896,85.9,81,-5.704307334109437,Obst & Obstkonserven
Sauerkirschen oder andere Steinobstkonserve,66,0.02488167171415845,0.32350779477654523,4.506108470041621,-33.380581148121905,9.990749306197966,100.4,94,-6.3745019920318775,Obst & Obstkonserven
"Süße Mandeln, Kokosraspeln oder Ähnliches",60,-0.08093585018534934,0.23948861834421908,2.7093970622851633,-17.636526410026864,4.112337011033085,98.9,92,-6.976744186046513,Obst & Obstkonserven
Apfelmus oder andere Kernobstkonserve,66,0.00749860919486253,0.25562444792218697,4.685165902679303,-35.862068965517246,5.743243243243246,101.5,93,-8.374384236453203,Obst & Obstkonserven
"Kiwis, Melonen oder Ähnliches",66,-0.05155484757617046,0.5764516820057741,3.924434690790252,-21.42857142857143,6.680369989722501,96.1,88,-8.42872008324661,Obst & Obstkonserven
Äpfel,66,-0.02944496745678212,0.23706171467022807,4.4017162784489665,-30.252100840336137,6.612410986775186,91.2,83,-8.991228070175438,Obst & Obstkonserven
"Erdnüsse, Studentenfutter oder Ähnliches",66,-0.05151592528460377,0.16847869743336075,4.1752855450547965,-31.475903614457835,5.306122448979589,101,91,-9.9009900990099,Obst & Obstkonserven
Tiefgefrorenes Obst,66,-0.06319104696332287,0.3968269590378548,4.24721747117957,-30.900621118012428,4.386839481555338,99.7,89,-10.732196589769304,Obst & Obstkonserven
Trockenobst,66,-0.06589472475287117,0.04892367906066397,4.483894568767692,-33.333333333333336,7.6263924592973265,102,90,-11.764705882352944,Obst & Obstkonserven
Tomaten,66,0.6917201725262893,1.6298543689320266,13.592361260138746,-25.64102564102564,34.30420711974109,114.1,99,-13.234005258545134,Gemüse & Gemüsekonserven
Birnen,66,-0.13804034958733047,0.2440413599719582,4.210113187470946,-25.92592592592593,5.31622364802935,98.2,84,-14.4602851323829,Obst & Obstkonserven
Kopfsalat oder Eisbergsalat,66,0.5078833135127407,-0.04366812227074024,12.51938569310598,-33.72822299651569,31.09898674980511,115.9,96,-17.169974115616917,Gemüse & Gemüsekonserven
"Erdbeeren, Himbeeren, Stachelbeeren oder Ähnliches",66,0.05601640596998641,-0.08361204013377366,7.7890937974347345,-40.56668970283345,19.04761904761907,103.9,86,-17.228103946102024,Obst & Obstkonserven
"Pfirsiche, Kirschen o.a. Stein- oder Kernobst",66,0.06604423025651177,1.2592861623799023,8.207389192396855,-32.80632411067194,18.77551020408163,103.1,85,-17.555771096023275,Obst & Obstkonserven
Bananen,66,-0.16072773698100132,-0.08817864265276976,4.780075588842102,-32.399010717230006,14.61100569259961,99.6,82,-17.670682730923694,Obst & Obstkonserven
Schmalz oder anderes tierisches Speisefett,66,-0.05876667945211245,0.4081004081003981,6.192347400374067,-48.253557567917206,5.731394354148844,100,80,-19.999999999999996,Öle & Fette
"Sonnenblumenöl, Rapsöl oder Ähnliches",66,-0.00287661891929115,0,7.4058456519877565,-48.90038809831824,25.247851949768663,100.2,79,-21.15768463073853,Öle & Fette
Weintrauben,66,0.03740777205329501,-2.233490974918456,9.352174404667393,-22.390722569134702,26.41325536062378,111.6,87,-22.043010752688165,Obst & Obstkonserven
Eier,66,-0.1534448733692679,0.29521083064267817,6.033803332735344,-47.625698324022345,7.069846678023839,98.9,75,-24.16582406471184,Milch & Milchgetränke
Margarine oder Pflanzenfett,66,-0.0993051703442166,0.18912406490975145,6.688574446034946,-50.51413881748073,9.17001338688086,102,77,-24.50980392156863,Öle & Fette
Olivenöl,66,-0.08041830827600248,0.6818781110748295,6.860930495326134,-51.49253731343284,7.088255733148019,103.4,78,-24.56479690522244,Öle & Fette
Buttermilch oder anderes Milchgetränk,60,-0.16924494414909422,0.24178085263842908,6.841499320072534,-48.11656005685856,16.547406082289818,98.3,73,-25.73753814852492,Milch & Milchgetränke
"Sojamilch, Reismilch o.Ä., ohne Kokosmilch",60,-0.3826813189420568,0.18404669392281248,4.379652517028362,-31.3543599257885,5.174234424498403,99.9,74,-25.92592592592593,Milch & Milchgetränke
Butter,66,-0.09373039353872437,0.4006018054162453,7.31270219314065,-49.90112063282795,13.173156586578294,102.9,76,-26.1418853255588,Öle & Fette
Quark,66,0.02088677594281867,0.37344970036030656,8.417383759783533,-59.50704225352113,28.949478748997603,97.1,69,-28.939237899073113,Milch & Milchgetränke
Sahne,60,-0.17287059699320118,0.29806266670089343,7.451989848236448,-52.85524568393094,18.12865497076024,100.7,71,-29.49354518371401,Milch & Milchgetränke
Fertigdessert,60,-0.29988684932987597,0.2943347066426183,6.3568728939962895,-46.666666666666664,8.487394957983184,102.4,72,-29.6875,Milch & Milchgetränke
Frischkäse,66,-0.23364332167855997,0.25305195030922434,6.583583474024322,-50.495049504950494,7.474226804123707,100.9,70,-30.62438057482656,Milch & Milchgetränke
Weichkäse,66,-0.2521271955853219,0.33263202865302377,6.722137623572391,-52.94117647058824,4.508196721311486,101.2,68,-32.80632411067194,Milch & Milchgetränke
Schnittkäse,66,-0.19152569148211823,0.3610337211933823,7.369006790019211,-56.03674540682415,13.582089552238807,100.6,67,-33.39960238568588,Milch & Milchgetränke
Hartkäse,66,-0.2789142200087736,0.3325525735884294,6.78829802352605,-53.02491103202846,8.684863523573206,100.3,66,-34.197407776669984,Milch & Milchgetränke
Joghurt,66,-0.3475744063107096,0.09950248756218638,6.537560988433245,-50.419527078565984,7.078189300411508,100.8,65,-35.51587301587301,Milch & Milchgetränke
Teilentrahmte Milch,66,-0.25079365152708566,0.1910305064953932,7.258494918870371,-55.78947368421052,14.000000000000012,97.7,63,-35.51688843398158,Milch & Milchgetränke
Kondensierte Milch,66,-0.12592642040520105,0.37379589557448023,8.013946868230429,-61.69958108916816,13.937867338371102,99.7,64,-35.8074222668004,Milch & Milchgetränke
Vollmilch,66,-0.2936969932130779,0.33356660818367745,7.164032181452502,-55.20231213872832,13.270547945205502,98.1,62,-36.79918450560652,Milch & Milchgetränke
Fischstäbchen o.a. tiefgefrorene Fischzubereitung,66,-0.3773020141128559,0.2799617842375701,6.958884302435553,-53.64741641337386,7.081911262798624,100.1,61,-39.06093906093906,Fisch & Meeresfrüchte
"Eingelegte Matjes, Fischsalat oder Ähnliches",66,-0.39972313828101214,0.30971854342354277,6.921850880588735,-55.223880597014926,3.5486806187443154,100.8,60,-40.476190476190474,Fisch & Meeresfrüchte
Fischkonserve,66,-0.40432759700850707,0.2140143427289631,7.279006107473801,-57.60233918128655,4.010462074978194,101.1,58,-42.63105835806133,Fisch & Meeresfrüchte
Fischmarinade,60,-0.43740315532883006,0.4256434355118577,7.645730355378737,-58.30388692579505,2.887139107611536,103,59,-42.71844660194175,Fisch & Meeresfrüchte
Räucherfisch,66,-0.47066810633573225,0.10058072855037016,6.979906734202606,-55.46875,4.380952380952374,100.8,57,-43.45238095238096,Fisch & Meeresfrüchte
"Meeresfrüchte, frisch oder gekühlt",66,-0.5381828462901705,0.27904616945712,6.685648987264912,-53.625632377740295,1.949860724233976,99.2,55,-44.556451612903224,Fisch & Meeresfrüchte
Tiefgefrorene Meeresfrüchte,66,-0.6442778894848422,0,5.849835518466017,-47.11992445703495,2.4582104228122015,101.3,56,-44.71865745310958,Fisch & Meeresfrüchte
Tiefgefrorenes Fischfilet,66,-0.48534097214179106,0.2088520145706374,7.301153118681007,-58.07453416149069,4.6242774566473965,99.8,54,-45.89178356713427,Fisch & Meeresfrüchte
"Scholle, Forelle oder Karpfen, frisch oder gekühlt",60,-0.5250786580191037,0.4967471511359789,7.844996775552089,-59.90922844175491,3.0276816608996615,99.8,53,-46.893787575150306,Fisch & Meeresfrüchte
Zubereitetes Hackfleisch,66,-0.3685816604785819,0.4701614697445011,8.294131352113364,-65.25364836692147,9.982174688057045,96.6,50,-48.24016563146998,Fleisch & Wurst
Gyros oder andere fertige Fleischpfanne,66,-0.46496786158498454,0.3152096088010259,7.875229651289737,-62.394474290099765,8.555657773689052,95.6,49,-48.74476987447699,Fleisch & Wurst
"Fischfilet, frisch oder gekühlt",66,-0.5001650494476272,0.22178557981927804,7.777245307524281,-61.654135338345874,5.008944543828275,100.6,51,-49.30417495029821,Fisch & Meeresfrüchte
"Kabeljau oder Lachs, frisch oder gekühlt",60,-0.6277861197442629,0.12832606217819675,7.800956171364952,-58.730158730158735,5.696202531645578,102.9,52,-49.465500485908656,Fisch & Meeresfrüchte
"Fleischfertiggericht ohne Beilage, konserviert",66,-0.5559026343339664,0.291404212600066,7.782053643561626,-62.47068021892104,3.4354688950789303,99.1,48,-51.564076690211905,Fleisch & Wurst
Gekochter Schinken oder anderes gegartes Fleisch,66,-0.6232356679031564,0.17400320910658795,7.490429051483198,-59.72579263067694,6.923837784371911,97.4,47,-51.74537987679672,Fleisch & Wurst
"Tiefgefrorenes, tafelfertig zubereitetes Fleisch",66,-0.3546820154388155,0.4941406249999946,8.942189179910324,-71.08736643620364,7.301293900184835,99.5,46,-53.768844221105525,Fleisch & Wurst
Wurstkonserve,66,-0.4610406932212545,0.2960040187620083,8.55993556420719,-68.32253419726422,4.3933054393305415,95.6,44,-53.97489539748954,Fleisch & Wurst
Feinkostsalat auf Fleischbasis,66,-0.4742905844994334,0.4543189129297631,8.530114375508745,-67.99431009957327,5.2991452991453025,98,45,-54.08163265306123,Fleisch & Wurst
Leberwurst oder Blutwurst,60,-0.6436002556693105,0.2932551319648091,8.641079926582133,-65.5724579663731,5.899419729206956,96,43,-55.20833333333333,Fleisch & Wurst
Wurstaufschnitt,66,-0.6424590771676084,0.0819051067482035,8.218203860424643,-65.05823627287855,8.260447035957231,96.7,42,-56.566701137538786,Fleisch & Wurst
Bratwurst,66,-0.5735239346450999,0.1921683549853448,8.548965366621433,-68.16770186335404,7.037037037037042,95.7,41,-57.15778474399165,Fleisch & Wurst
Fleischwurst,60,-0.7146011541384795,0.12811515802160223,9.091078660359544,-68.37944664031622,12.5,99.1,40,-59.636730575176585,Fleisch & Wurst
"Roher Schinken, Schinkenspeck oder Bauchspeck",60,-0.7317239127275617,0.2224492028733538,8.93786827309636,-68.31844029244516,6.054687499999978,96.8,39,-59.71074380165289,Fleisch & Wurst
"Salami, Zervelatwurst oder andere Dauerwurst",66,-0.7029895545736718,0.13354714281166302,8.566029152651113,-68.5430463576159,4.672897196261672,97.3,38,-60.94552929085303,Fleisch & Wurst
Leber oder andere Innereien,66,-0.738409137321149,0.3532164981864039,8.676202942861494,-69.84515077424614,2.0852221214868516,99.6,37,-62.85140562248996,Fleisch & Wurst
Kaninchenfleisch oder anderes Wildfleisch,66,-0.7110594956149423,0.29419936910578537,8.900881783559107,-71.47385103011094,2.8971962616822333,99.1,36,-63.673057517658926,Fleisch & Wurst
Tiefgefrorenes Geflügelfleisch,66,-0.472131696583239,0.3256070897551977,9.85719819686926,-77.80596068484465,14.10018552875696,100.2,35,-65.06986027944112,Fleisch & Wurst
Frisches Geflügelfleisch,66,-0.6112586494037762,0.21881942848386293,9.591874276347678,-76.09001406469761,9.6774193548387,100.5,34,-66.16915422885572,Fleisch & Wurst
Schweinekotelett oder Schweineschnitzel,60,-0.7520568130400307,0.15980886782790416,9.943228867912126,-75.11664074650078,11.636707663197733,96.3,32,-66.7705088265836,Fleisch & Wurst
Lammfleisch,66,-0.741802802182605,0.14910654880714302,9.269661626943288,-74.31906614785993,4.8979591836734615,100.2,33,-67.06586826347305,Fleisch & Wurst
Schweinebraten,66,-0.7136822160570194,0.4028213722497509,9.514367545854112,-75.95034910783554,8.045977011494255,97.3,31,-68.13977389516957,Fleisch & Wurst
"Schweinehackfleisch, auch gemischt",66,-0.5136759840107924,0.5030380288367109,10.245511650102433,-80.46875,14.010507880910671,98.1,30,-69.4189602446483,Fleisch & Wurst
Kasseler oder anderes Schweinefleisch,60,-0.8639816385667045,0.19962068086191165,10.06244806455887,-76.57512116316639,8.26210826210827,97.4,29,-70.22587268993841,Fleisch & Wurst
Kalbfleisch,66,-0.8482572916849243,0.38309728349199546,9.605943303986034,-77.21724979658259,2.8828828828828756,99.8,28,-71.94388777555109,Fleisch & Wurst
Rinderhackfleisch,66,-0.4186490776928384,0.6784188314930328,10.68171420938765,-83.9667458432304,13.844870725604675,97.6,27,-72.3360655737705,Fleisch & Wurst
Rindfleisch zum Schmoren oder Braten,66,-0.6777428012304083,0.3660888279216623,10.23527992199188,-81.79271708683473,7.364685004436544,99.3,26,-73.81671701913393,Fleisch & Wurst
Rinderroulade oder Rinderlende,66,-0.7288609340992424,0.3987299125305155,10.342720069869957,-82.14285714285714,4.950495049504955,100.8,25,-75.1984126984127,Fleisch & Wurst
Rindfleisch zum Kochen,66,-0.5730739635227418,0.4893866996573792,10.673673582482792,-84.75222363405337,11.343804537521818,99.6,24,-75.90361445783132,Fleisch & Wurst
"Getreideprodukt, vegetarisch oder vegan",66,-1.0513671640090725,0.09461507122486834,9.896619118045312,-79.59183673469387,4.046242774566466,102.3,23,-77.51710654936461,Getreide & Backwaren
Backmischung für Kuchen,60,-0.9435490892576356,0.21593045765677665,10.87762795968242,-83.16755929609793,5.951219512195127,100.8,22,-78.17460317460318,Getreide & Backwaren
"Cornflakes, Müsli oder Ähnliches",66,-0.913869644227476,0.29169250665537216,10.383546513088035,-83.14606741573034,7.026563838903166,99.9,21,-78.97897897897899,Getreide & Backwaren
Haferflocken,60,-0.8666620710289084,0.1962801161885852,11.359251183564313,-85.46511627906976,7.602792862684238,100.2,20,-80.03992015968065,Getreide & Backwaren
Nudelfertiggericht,66,-0.6021584852851232,0.06854009595612665,11.198685637349527,-87.96706776440786,8.058252427184453,99.6,19,-80.92369477911646,Getreide & Backwaren
Nudeln,60,-0.8800045908644994,0.3498445950906648,11.48557309005133,-87.31501057082453,6.8829113924050445,101.5,18,-82.26600985221675,Getreide & Backwaren
"Pizza, Quiches oder Ähnliches",66,-0.8592269950260756,0.25829954853088255,10.949473573588984,-87.34177215189874,7.552320291173786,99.9,17,-82.98298298298299,Getreide & Backwaren
Salzgebäck,66,-0.8313277200224943,0.3262719034121675,11.254638249730284,-88.61209964412812,7.404520654715507,102.4,16,-84.375,Getreide & Backwaren
Toastbrot,66,-0.8700353665112184,0.10767159407725212,11.217965791537027,-88.97869213813372,10.063335679099229,100.8,15,-85.11904761904762,Getreide & Backwaren
Knäckebrot oder Zwieback,66,-0.5508096900895342,0.5938714581243731,11.573198821551564,-91.78885630498532,6.422018348623837,99.4,14,-85.91549295774648,Getreide & Backwaren
"Muffins, Waffeln oder andere Dauerbackwaren",66,-0.8825837300891222,0.397919185403417,11.291691301987052,-90.62049062049064,4.7951176983435095,100.9,13,-87.11595639246778,Getreide & Backwaren
Kekse,66,-0.5223191494800433,0.5818888505783271,11.804517382712008,-93.29608938547486,10.260336906584987,101.2,12,-88.14229249011858,Getreide & Backwaren
"Kuchen, Torte oder Tortenboden, frisch",66,-0.8916893156532459,0.41950466095956873,11.4287368733538,-92.057761732852,2.8037383177569986,99.7,11,-88.96690070210632,Getreide & Backwaren
"Kuchen oder Torte, tiefgefroren",66,-0.7716803771241347,0.4076702192280069,11.677267466301114,-93.45549738219894,5.4657428791377924,100.7,10,-90.0695134061569,Getreide & Backwaren
Hefegebäck,60,-1.0886006883181116,0.467152063542875,12.09937505952591,-93.12452253628724,2.2045855379188684,99.3,9,-90.93655589123868,Getreide & Backwaren
Frisches Brötchen,66,-0.9565649500539828,0.2291078575574423,11.675380172803246,-94.13919413919412,3.623813632441753,100.4,8,-92.03187250996017,Getreide & Backwaren
Brötchen zum Fertigbacken,66,-0.81296148604022,0.3969347633221432,11.897207857233838,-95.36730641958968,5.11744966442953,100.3,7,-93.02093718843469,Getreide & Backwaren
Körnerbrot oder Vollkornbrot,66,-0.9868945793702162,0.3758495810710749,11.864528404508862,-95.5456570155902,4.265791632485638,99.8,6,-93.9879759519038,Getreide & Backwaren
Roggenbrot oder Mischbrot,66,-0.9818460949682688,0.3360828223465506,11.945627416466786,-96.33431085043988,3.133640552995387,99.8,5,-94.98997995991984,Getreide & Backwaren
Weißbrot,66,-1.0081699835803353,0.29688629299049474,12.041288645884611,-97.07174231332355,4.061738424045491,101,4,-96.03960396039604,Getreide & Backwaren
"Grieß, Roggenmehl oder Ähnliches",66,-0.9392273001448868,0.2070823078049844,12.270133457617858,-97.90648988136776,12.135465663217303,101.3,3,-97.03849950641658,Getreide & Backwaren
Weizenmehl,66,-0.8085228736361326,0.05060728744940013,12.780687801972212,-98.68507560815252,18.795355587808405,100.9,2,-98.01783944499503,Getreide & Backwaren
Reiszubereitung,60,-1.0855754255003556,0.32697730156492355,12.955915632480083,-99.28520371694069,4.105344694035651,100,1,-99,Getreide & Backwaren
Reis,66,-0.9816612726731536,0.3627537585642826,12.456426343448385,-100,5.26770293609673,99.6,0,-100,Getreide & Backwaren
